Frequency(Hz);Return Loss(dB);Phase(deg);Rs;SWR;Xs;|Z|;Theta
1000000;0,00;-3,18;0,0;?;-1802,8;1802,8;-90,0
3960512;0,00;-5,48;0,0;?;-1044,2;1044,2;-90,0
6921024;0,00;-7,63;0,0;?;-749,4;749,4;-90,0
9881536;0,00;-9,69;0,0;?;-589,8;589,8;-90,0
12842048;0,00;-11,77;0,0;?;-485,0;485,0;-90,0
15802560;0,00;-13,83;0,0;?;-412,3;412,3;-90,0
18763072;0,00;-16,00;0,0;?;-355,7;355,7;-90,0
21723584;0,00;-18,05;0,0;?;-314,9;314,9;-90,0
24684096;0,00;-20,37;0,0;?;-278,3;278,3;-90,0
27644608;0,00;-22,35;0,0;?;-253,1;253,1;-90,0
30605120;-0,01;-24,57;0,4;981,05;-229,7;229,7;-89,9
33565632;-0,02;-26,84;1,2;794,25;-209,5;209,5;-89,7
36526144;-0,03;-29,03;1,3;614,93;-193,1;193,1;-89,6
39486656;-0,04;-31,22;1,7;417,71;-178,9;178,9;-89,5
42447168;-0,05;-33,55;1,7;357,86;-165,8;165,9;-89,4
45407680;-0,06;-35,83;1,8;286,81;-154,6;154,7;-89,3
48368192;-0,06;-38,05;1,7;281,34;-145,0;145,0;-89,3
51328704;-0,06;-40,34;1,3;314,75;-136,1;136,1;-89,4
54289216;-0,06;-42,63;1,4;269,51;-128,1;128,1;-89,4
57249728;-0,05;-44,94;1,0;350,93;-120,9;120,9;-89,5
60210240;-0,05;-47,17;0,9;342,06;-114,5;114,5;-89,5
63170752;-0,04;-49,51;0,7;431,36;-108,4;108,4;-89,7
66131264;-0,03;-51,77;0,5;567,59;-103,0;103,0;-89,7
69091776;-0,02;-53,95;0,2;150,46;-98,2;98,2;-89,9
72052288;0,00;-56,26;0,0;?;-93,5;93,5;-90,0
75012800;0,00;-58,44;0,0;?;-89,4;89,4;-90,0
77973312;0,00;-60,66;0,0;?;-85,5;85,5;-90,0
80933824;0,00;-62,86;0,0;?;-81,8;81,8;-90,0
83894336;0,00;-64,99;0,0;?;-78,5;78,5;-90,0
86854848;0,00;-67,17;0,0;?;-75,3;75,3;-90,0
89815360;0,00;-69,34;0,0;?;-72,3;72,3;-90,0
92775872;0,00;-71,48;0,0;?;-69,5;69,5;-90,0
95736384;0,00;-73,59;0,0;?;-66,9;66,9;-90,0
98696896;0,00;-75,63;0,0;?;-64,4;64,4;-90,0
101657408;0,00;-77,62;0,0;?;-62,2;62,2;-90,0
104617920;0,00;-79,69;0,0;?;-59,9;59,9;-90,0
107578432;0,00;-81,69;0,0;?;-57,8;57,8;-90,0
110538944;0,00;-83,63;0,0;?;-55,9;55,9;-90,0
113499456;0,00;-85,75;0,0;?;-53,9;53,9;-90,0
116459968;0,00;-87,86;0,0;?;-51,9;51,9;-90,0
119420480;0,00;-89,87;0,0;?;-50,1;50,1;-90,0
122380992;0,00;-91,90;0,0;?;-48,4;48,4;-90,0
125341504;0,00;-94,02;0,0;?;-46,6;46,6;-90,0
128302016;0,00;-95,99;0,0;?;-45,0;45,0;-90,0
131262528;0,00;-98,05;0,0;?;-43,4;43,4;-90,0
134223040;0,00;-100,14;0,0;?;-41,9;41,9;-90,0
137183552;0,00;-102,34;0,0;?;-40,2;40,2;-90,0
140144064;0,00;-104,46;0,0;?;-38,7;38,7;-90,0
143104576;0,00;-106,63;0,0;?;-37,3;37,3;-90,0
146065088;0,00;-108,88;0,0;?;-35,7;35,7;-90,0
149025600;0,00;-111,03;0,0;?;-34,3;34,3;-90,0
151986112;0,00;-113,19;0,0;?;-33,0;33,0;-90,0
154946624;0,00;-115,39;0,0;?;-31,6;31,6;-90,0
157907136;-0,01;-117,63;0,0;386,69;-30,3;30,3;-89,9
160867648;-0,04;-119,94;0,2;433,22;-28,9;28,9;-89,7
163828160;-0,04;-122,14;0,2;396,61;-27,6;27,6;-89,7
166788672;-0,07;-124,39;0,3;250,75;-26,4;26,4;-89,4
169749184;-0,08;-126,68;0,3;229,30;-25,1;25,1;-89,4
172709696;-0,08;-129,09;0,3;210,35;-23,8;23,8;-89,3
175670208;-0,09;-131,17;0,3;203,36;-22,7;22,7;-89,3
178630720;-0,08;-133,49;0,3;207,10;-21,5;21,5;-89,2
181591232;-0,10;-135,82;0,3;169,34;-20,3;20,3;-89,0
184551744;-0,10;-138,08;0,3;179,53;-19,2;19,2;-89,0
187512256;-0,09;-140,30;0,3;193,79;-18,1;18,1;-89,1
190472768;-0,07;-142,60;0,2;253,45;-16,9;16,9;-89,3
193433280;-0,09;-144,81;0,3;187,48;-15,9;15,9;-88,9
196393792;-0,07;-147,00;0,2;237,48;-14,8;14,8;-89,1
199354304;-0,07;-149,20;0,2;253,21;-13,8;13,8;-89,1
202314816;-0,05;-151,29;0,2;336,94;-12,8;12,8;-89,3
205275328;-0,05;-153,64;0,2;337,55;-11,7;11,7;-89,2
208235840;-0,05;-155,74;0,2;324,83;-10,7;10,7;-89,1
211196352;-0,05;-157,85;0,2;338,69;-9,8;9,8;-89,1
214156864;-0,03;-159,87;0,1;527,62;-8,9;8,9;-89,4
217117376;-0,04;-162,08;0,1;483,04;-7,9;7,9;-89,2
220077888;-0,03;-164,19;0,1;666,44;-6,9;6,9;-89,4
223038400;-0,03;-166,27;0,1;666,23;-6,0;6,0;-89,3
225998912;-0,03;-168,45;0,1;686,68;-5,1;5,1;-89,2
228959424;-0,04;-170,54;0,1;457,40;-4,1;4,1;-88,5
231919936;-0,03;-172,67;0,1;579,52;-3,2;3,2;-88,5
234880448;-0,05;-174,66;0,1;339,20;-2,3;2,3;-86,4
237840960;-0,06;-176,82;0,2;296,89;-1,4;1,4;-83,1
240801472;-0,06;-178,98;0,2;289,00;-0,4;0,5;-68,8
243761984;-0,08;178,90;0,2;228,65;0,5;0,5;65,5
246722496;-0,08;176,80;0,2;207,08;1,4;1,4;80,2
249683008;-0,09;174,69;0,3;189,52;2,3;2,3;83,5
252643520;-0,09;172,47;0,3;184,13;3,3;3,3;85,3
255604032;-0,11;170,29;0,3;165,17;4,2;4,3;85,9
258564544;-0,12;168,19;0,3;147,89;5,2;5,2;86,2
261525056;-0,12;166,03;0,4;139,75;6,1;6,1;86,6
264485568;-0,12;163,83;0,3;147,54;7,1;7,1;87,2
267446080;-0,13;161,77;0,4;136,33;8,0;8,0;87,3
270406592;-0,13;159,56;0,4;137,24;9,0;9,0;87,6
273367104;-0,13;157,44;0,4;136,71;10,0;10,0;87,8
276327616;-0,13;155,30;0,4;131,35;10,9;11,0;87,9
279288128;-0,13;153,13;0,4;134,33;11,9;11,9;88,1
282248640;-0,13;150,93;0,4;138,86;13,0;13,0;88,3
285209152;-0,13;148,88;0,4;136,99;13,9;13,9;88,4
288169664;-0,11;146,72;0,4;153,16;14,9;14,9;88,6
291130176;-0,11;144,68;0,3;162,90;15,9;15,9;88,8
294090688;-0,10;142,62;0,3;179,05;16,9;16,9;88,9
297051200;-0,10;140,53;0,3;181,65;17,9;17,9;89,0
300011712;-0,10;138,47;0,3;180,15;19,0;19,0;89,0
302972224;-0,08;136,46;0,3;217,42;20,0;20,0;89,2
305932736;-0,08;134,41;0,3;231,25;21,0;21,0;89,3
308893248;-0,07;132,40;0,2;247,73;22,1;22,1;89,4
311853760;-0,07;130,43;0,2;252,50;23,1;23,1;89,4
314814272;-0,08;128,50;0,3;228,07;24,1;24,1;89,4
317774784;-0,09;126,44;0,3;200,65;25,2;25,2;89,3
320735296;-0,09;124,47;0,3;187,87;26,3;26,3;89,3
323695808;-0,10;122,49;0,4;176,02;27,4;27,4;89,2
326656320;-0,12;120,57;0,4;147,48;28,5;28,5;89,1
329616832;-0,13;118,59;0,5;135,00;29,7;29,7;89,0
332577344;-0,16;116,66;0,6;109,09;30,8;30,8;88,8
335537856;-0,16;114,61;0,7;105,34;32,1;32,1;88,8
338498368;-0,18;112,50;0,8;95,75;33,4;33,4;88,7
341458880;-0,20;110,37;0,9;86,57;34,8;34,8;88,6
344419392;-0,21;108,44;0,9;82,29;36,0;36,0;88,5
347379904;-0,23;106,30;1,1;74,21;37,5;37,5;88,4
350340416;-0,25;104,21;1,1;70,71;38,9;38,9;88,3
353300928;-0,28;102,03;1,3;62,68;40,5;40,5;88,1
356261440;-0,30;99,98;1,5;58,36;42,0;42,0;88,0
359221952;-0,31;97,91;1,6;55,47;43,5;43,5;87,9
362182464;-0,31;95,69;1,6;55,66;45,2;45,3;87,9
365142976;-0,33;93,50;1,8;53,21;47,0;47,0;87,8
368103488;-0,34;91,41;1,9;50,61;48,7;48,8;87,7
371064000;-0,35;89,10;2,0;49,60;50,7;50,8;87,7
374024512;-0,34;86,95;2,1;51,03;52,7;52,7;87,8
376985024;-0,35;84,65;2,2;49,49;54,9;54,9;87,7
379945536;-0,36;82,63;2,4;48,32;56,8;56,9;87,6
382906048;-0,35;80,32;2,4;49,24;59,2;59,2;87,6
385866560;-0,36;78,27;2,6;48,19;61,4;61,4;87,6
388827072;-0,33;76,01;2,5;52,38;63,9;64,0;87,7
391787584;-0,31;73,81;2,5;56,26;66,5;66,6;87,9
394748096;-0,29;71,58;2,5;59,00;69,3;69,3;88,0
397708608;-0,29;69,51;2,6;60,20;72,0;72,0;88,0
400669120;-0,27;67,34;2,5;65,42;75,0;75,0;88,1
403629632;-0,25;65,28;2,4;70,78;78,0;78,0;88,2
406590144;-0,23;63,19;2,4;75,81;81,2;81,3;88,3
409550656;-0,20;61,19;2,3;85,07;84,5;84,5;88,5
412511168;-0,20;59,00;2,4;85,91;88,3;88,4;88,4
415471680;-0,16;56,96;2,0;107,59;92,1;92,2;88,7
418432192;-0,15;54,90;2,0;116,84;96,2;96,2;88,8
421392704;-0,14;52,93;2,0;126,33;100,4;100,4;88,9
424353216;-0,10;50,88;1,5;177,87;105,1;105,1;89,2
427313728;-0,11;48,85;1,8;164,77;110,1;110,1;89,1
430274240;-0,10;46,81;1,9;170,37;115,5;115,5;89,1
433234752;-0,10;44,88;1,9;179,48;121,0;121,1;89,1
436195264;-0,09;42,85;1,9;198,03;127,4;127,4;89,1
439155776;-0,09;40,76;2,2;186,88;134,5;134,6;89,1
442116288;-0,09;38,79;2,3;196,04;142,0;142,0;89,1
445076800;-0,06;36,78;1,9;269,91;150,4;150,4;89,3
448037312;-0,09;34,79;2,8;199,12;159,6;159,6;89,0
450997824;-0,09;32,69;3,1;202,93;170,4;170,5;89,0
453958336;-0,09;30,63;3,6;200,65;182,5;182,5;88,9
456918848;-0,09;28,62;4,2;193,96;196,0;196,0;88,8
459879360;-0,10;26,49;5,4;175,12;212,3;212,3;88,5
462839872;-0,10;24,32;6,2;182,77;231,9;232,0;88,5
465800384;-0,09;22,21;7,2;186,73;254,5;254,6;88,4
468760896;-0,10;19,96;9,6;173,34;283,8;284,0;88,1
471721408;-0,11;17,88;13,3;155,38;317,3;317,5;87,6
474681920;-0,12;15,76;19,0;139,46;360,2;360,7;87,0
477642432;-0,12;13,63;24,6;144,11;417,0;417,8;86,6
480602944;-0,12;11,57;32,9;148,99;491,5;492,6;86,2
483563456;-0,13;9,21;58,8;130,59;614,9;617,7;84,5
486523968;-0,13;7,11;93,3;137,41;793,5;798,9;83,3
489484480;-0,12;4,87;192,9;139,46;1142,5;1158,6;80,4
492444992;-0,12;2,63;608,7;142,91;1994,1;2085,0;73,0
495405504;-0,11;0,45;5758,7;159,96;3590,8;6786,5;31,9
498366016;-0,10;-1,79;1002,9;182,41;-2852,9;3024,1;-70,6
501326528;-0,10;-3,95;247,1;165,58;-1408,0;1429,5;-80,0
504287040;-0,07;-6,03;70,3;255,69;-944,0;946,6;-85,7
507247552;-0,05;-8,35;24,7;382,33;-684,4;684,8;-87,9
510208064;-0,01;-10,67;4,3;350,13;-535,4;535,4;-89,5
513168576;0,00;-13,10;0,0;?;-435,5;435,5;-90,0
516129088;0,00;-15,39;0,0;?;-370,0;370,0;-90,0
519089600;0,00;-17,57;0,0;?;-323,6;323,6;-90,0
522050112;-0,00;-19,69;0,4;774,02;-288,0;288,1;-89,9
525010624;0,00;-21,80;0,0;?;-259,7;259,7;-90,0
527971136;0,00;-23,87;0,0;?;-236,6;236,6;-90,0
530931648;0,00;-26,19;0,0;?;-214,9;214,9;-90,0
533892160;0,00;-28,44;0,0;?;-197,3;197,3;-90,0
536852672;0,00;-30,60;0,0;?;-182,7;182,7;-90,0
539813184;0,00;-32,80;0,0;?;-169,9;169,9;-90,0
542773696;0,00;-34,93;0,0;?;-158,9;158,9;-90,0
545734208;0,00;-37,08;0,0;?;-149,1;149,1;-90,0
548694720;0,00;-39,45;0,0;?;-139,5;139,5;-90,0
551655232;0,00;-41,89;0,0;?;-130,6;130,6;-90,0
554615744;0,00;-44,09;0,0;?;-123,5;123,5;-90,0
557576256;-0,00;-46,19;0,1;582,15;-117,3;117,3;-90,0
560536768;-0,00;-48,60;0,0;520,27;-110,7;110,7;-90,0
563497280;0,00;-50,87;0,0;?;-105,1;105,1;-90,0
566457792;-0,00;-53,30;0,0;299,79;-99,6;99,6;-90,0
569418304;-0,01;-55,64;0,1;123,44;-94,8;94,8;-89,9
572378816;-0,00;-57,96;0,0;664,87;-90,3;90,3;-90,0
575339328;0,00;-60,38;0,0;?;-86,0;86,0;-90,0
578299840;-0,02;-62,72;0,3;712,71;-82,0;82,0;-89,8
581260352;-0,04;-65,24;0,4;467,95;-78,1;78,1;-89,7
584220864;-0,04;-67,63;0,4;408,77;-74,6;74,6;-89,7
587181376;-0,02;-69,99;0,2;840,61;-71,4;71,4;-89,9
590141888;-0,00;-72,38;0,0;948,46;-68,3;68,3;-90,0
593102400;-0,01;-74,71;0,1;328,61;-65,5;65,5;-89,9
596062912;0,00;-77,01;0,0;?;-62,9;62,9;-90,0
599023424;0,00;-79,39;0,0;?;-60,2;60,2;-90,0
601983936;0,00;-81,85;0,0;?;-57,7;57,7;-90,0
604944448;0,00;-84,12;0,0;?;-55,4;55,4;-90,0
607904960;0,00;-86,55;0,0;?;-53,1;53,1;-90,0
610865472;0,00;-88,83;0,0;?;-51,0;51,0;-90,0
613825984;0,00;-91,14;0,0;?;-49,0;49,0;-90,0
616786496;0,00;-93,58;0,0;?;-47,0;47,0;-90,0
619747008;0,00;-95,81;0,0;?;-45,2;45,2;-90,0
622707520;0,00;-98,11;0,0;?;-43,4;43,4;-90,0
625668032;0,00;-100,37;0,0;?;-41,7;41,7;-90,0
628628544;0,00;-102,60;0,0;?;-40,1;40,1;-90,0
631589056;0,00;-104,86;0,0;?;-38,5;38,5;-90,0
634549568;0,00;-107,02;0,0;?;-37,0;37,0;-90,0
637510080;0,00;-109,34;0,0;?;-35,4;35,4;-90,0
640470592;0,00;-111,50;0,0;?;-34,0;34,0;-90,0
643431104;0,00;-113,60;0,0;?;-32,7;32,7;-90,0
646391616;0,00;-115,69;0,0;?;-31,4;31,4;-90,0
649352128;0,00;-117,89;0,0;?;-30,1;30,1;-90,0
652312640;0,00;-120,07;0,0;?;-28,8;28,8;-90,0
655273152;0,00;-122,34;0,0;?;-27,5;27,5;-90,0
658233664;0,00;-124,49;0,0;?;-26,3;26,3;-90,0
661194176;0,00;-126,78;0,0;?;-25,0;25,0;-90,0
664154688;0,00;-128,88;0,0;?;-23,9;23,9;-90,0
667115200;0,00;-131,10;0,0;?;-22,7;22,7;-90,0
670075712;0,00;-133,29;0,0;?;-21,6;21,6;-90,0
673036224;0,00;-135,50;0,0;?;-20,5;20,5;-90,0
675996736;0,00;-137,78;0,0;?;-19,3;19,3;-90,0
678957248;0,00;-140,01;0,0;?;-18,2;18,2;-90,0
681917760;-0,02;-142,04;0,1;958,29;-17,2;17,2;-89,8
684878272;-0,04;-144,46;0,1;444,18;-16,0;16,0;-89,6
687838784;-0,06;-146,58;0,2;306,39;-15,0;15,0;-89,3
690799296;-0,08;-148,91;0,3;210,60;-13,9;13,9;-88,9
693759808;-0,11;-151,11;0,3;157,74;-12,9;12,9;-88,5
696720320;-0,12;-153,50;0,4;150,48;-11,8;11,8;-88,3
699680832;-0,12;-155,85;0,4;140,20;-10,7;10,7;-88,0
702641344;-0,14;-158,08;0,4;124,85;-9,7;9,7;-87,5
705601856;-0,16;-160,35;0,5;107,81;-8,7;8,7;-86,8
708562368;-0,19;-162,56;0,5;93,50;-7,7;7,7;-85,9
711522880;-0,20;-164,77;0,6;87,23;-6,7;6,7;-85,0
714483392;-0,23;-166,98;0,7;74,54;-5,7;5,7;-83,2
717443904;-0,24;-169,14;0,7;71,40;-4,8;4,8;-81,5
720404416;-0,25;-171,42;0,7;69,79;-3,7;3,8;-79,1
723364928;-0,26;-173,69;0,8;65,88;-2,8;2,9;-74,5
726325440;-0,26;-175,69;0,7;67,55;-1,9;2,0;-68,5
729285952;-0,29;-177,95;0,8;60,17;-0,9;1,2;-47,1
732246464;-0,30;179,98;0,9;58,04;0,0;0,9;0,5
735206976;-0,31;177,96;0,9;56,15;0,9;1,3;45,0
738167488;-0,33;175,82;1,0;52,18;1,8;2,1;62,3
741128000;-0,35;173,73;1,0;49,01;2,7;2,9;69,5
744088512;-0,38;171,72;1,1;45,96;3,6;3,8;73,2
747049024;-0,41;169,75;1,2;42,22;4,5;4,6;75,1
750009536;-0,44;167,70;1,3;39,20;5,4;5,5;76,5
752970048;-0,47;165,78;1,4;37,20;6,2;6,4;77,6
755930560;-0,49;163,79;1,4;35,40;7,1;7,3;78,5
758891072;-0,53;161,68;1,6;32,92;8,1;8,2;79,0
761851584;-0,56;159,82;1,7;31,06;8,9;9,0;79,4
764812096;-0,60;157,79;1,8;29,01;9,8;10,0;79,7
767772608;-0,63;155,84;1,9;27,48;10,7;10,9;79,9
770733120;-0,65;153,71;2,0;26,94;11,7;11,8;80,5
773693632;-0,67;151,85;2,1;25,87;12,5;12,7;80,7
776654144;-0,67;149,98;2,1;25,91;13,4;13,5;81,2
779614656;-0,71;147,96;2,2;24,39;14,3;14,5;81,2
782575168;-0,72;145,94;2,3;24,09;15,3;15,5;81,6
785535680;-0,72;143,98;2,3;24,24;16,2;16,4;82,0
788496192;-0,72;141,99;2,3;24,01;17,2;17,3;82,3
791456704;-0,74;140,16;2,4;23,64;18,1;18,2;82,5
794417216;-0,71;138,05;2,3;24,53;19,1;19,3;83,0
797377728;-0,70;136,10;2,4;24,70;20,1;20,3;83,3
800338240;-0,69;134,08;2,3;25,20;21,1;21,3;83,7
803298752;-0,65;132,18;2,2;26,62;22,1;22,2;84,2
806259264;-0,63;130,26;2,2;27,39;23,1;23,2;84,5
809219776;-0,62;128,22;2,2;27,98;24,2;24,3;84,8
812180288;-0,59;126,03;2,1;29,48;25,4;25,5;85,2
815140800;-0,57;124,16;2,1;30,47;26,5;26,5;85,5
818101312;-0,52;122,18;2,0;33,17;27,6;27,6;85,9
821061824;-0,50;120,18;1,9;34,76;28,7;28,8;86,2
824022336;-0,49;118,13;1,9;35,78;29,9;30,0;86,4
826982848;-0,45;116,23;1,8;38,77;31,1;31,1;86,7
829943360;-0,43;114,24;1,8;40,22;32,3;32,3;86,9
832903872;-0,42;112,35;1,7;41,64;33,5;33,5;87,0
835864384;-0,40;110,45;1,7;43,86;34,7;34,7;87,2
838824896;-0,38;108,69;1,7;45,43;35,8;35,9;87,3
841785408;-0,38;106,87;1,7;46,31;37,1;37,1;87,4
844745920;-0,36;104,91;1,6;48,31;38,4;38,4;87,5
847706432;-0,37;102,94;1,7;47,11;39,8;39,8;87,5
850666944;-0,38;100,94;1,9;45,35;41,2;41,3;87,4
853627456;-0,37;99,09;1,9;46,58;42,6;42,6;87,5
856587968;-0,39;97,23;2,0;44,46;44,0;44,1;87,4
859548480;-0,40;95,36;2,1;43,03;45,5;45,5;87,3
862508992;-0,41;93,43;2,2;42,58;47,0;47,1;87,3
865469504;-0,44;91,49;2,5;39,64;48,7;48,7;87,1
868430016;-0,46;89,47;2,7;37,73;50,4;50,5;87,0
871390528;-0,47;87,46;2,8;37,07;52,2;52,3;86,9
874351040;-0,50;85,54;3,1;34,90;54,0;54,0;86,7
877311552;-0,53;83,48;3,5;32,49;55,9;56,0;86,5
880272064;-0,57;81,53;3,8;30,60;57,8;58,0;86,2
883232576;-0,60;79,43;4,2;29,10;60,0;60,2;86,0
886193088;-0,63;77,35;4,6;27,78;62,3;62,4;85,8
889153600;-0,63;75,19;4,9;27,61;64,7;64,9;85,7
892114112;-0,67;73,07;5,4;25,93;67,2;67,4;85,4
895074624;-0,67;70,92;5,7;25,80;69,9;70,1;85,3
898035136;-0,69;68,73;6,2;25,13;72,8;73,0;85,1
900995648;-0,73;66,46;7,0;23,75;75,9;76,2;84,7
903956160;-0,74;64,47;7,5;23,41;78,8;79,1;84,6
906916672;-0,76;62,40;8,1;22,90;82,0;82,4;84,4
909877184;-0,79;60,32;8,9;22,14;85,4;85,8;84,1
912837696;-0,81;58,35;9,7;21,44;88,7;89,3;83,7
915798208;-0,82;56,25;10,5;21,33;92,6;93,2;83,6
918758720;-0,82;54,26;11,3;21,15;96,6;97,2;83,3
921719232;-0,80;52,54;11,6;21,74;100,2;100,9;83,4
924679744;-0,75;50,42;11,8;23,08;105,1;105,8;83,6
927640256;-0,71;48,23;12,1;24,59;110,6;111,3;83,8
930600768;-0,66;46,21;12,3;26,25;116,1;116,7;84,0
933561280;-0,64;44,12;12,9;27,22;122,2;122,9;84,0
936521792;-0,62;41,90;13,9;27,86;129,3;130,0;83,9
939482304;-0,58;39,87;14,2;29,97;136,6;137,3;84,0
942442816;-0,56;37,82;15,1;31,30;144,6;145,3;84,0
945403328;-0,52;35,63;15,8;33,46;154,1;154,9;84,1
948363840;-0,49;33,63;16,6;35,70;163,9;164,7;84,2
951324352;-0,46;31,42;18,0;37,46;176,1;177,0;84,1
954284864;-0,42;29,05;18,9;41,79;191,3;192,2;84,4
957245376;-0,40;26,99;20,9;43,48;206,4;207,4;84,2
960205888;-0,36;24,88;22,1;48,39;224,6;225,7;84,4
963166400;-0,37;22,80;27,0;46,92;245,1;246,6;83,7
966126912;-0,34;20,69;30,2;50,79;270,7;272,3;83,6
969087424;-0,36;18,44;39,8;48,11;303,0;305,6;82,5
972047936;-0,36;16,52;49,3;48,18;337,4;341,0;81,7
975008448;-0,31;14,34;56,6;55,53;389,3;393,4;81,7
977968960;-0,29;12,09;74,6;59,01;460,4;466,4;80,8
980929472;-0,30;9,89;111,0;58,30;555,8;566,8;78,7
983889984;-0,30;7,59;184,8;57,89;706,0;729,8;75,3
986850496;-0,28;5,46;320,3;61,58;938,8;992,0;71,2
989811008;-0,25;3,09;776,4;68,24;1429,8;1626,9;61,5
992771520;-0,23;0,78;3002,3;76,33;1563,2;3384,8;27,5
995732032;-0,27;-1,30;2100,9;65,01;-1553,8;2613,1;-36,5
998692544;-0,26;-3,59;621,8;66,56;-1296,5;1437,9;-64,4
1001653056;-0,25;-5,82;259,2;69,35;-910,7;946,8;-74,1
1004613568;-0,24;-8,18;130,6;72,49;-673,8;686,4;-79,0
1007574080;-0,23;-10,59;76,2;75,48;-528,5;534,0;-81,8
1010534592;-0,22;-13,09;47,2;80,55;-430,6;433,1;-83,7
1013495104;-0,21;-15,37;33,5;82,74;-367,5;369,1;-84,8
1016455616;-0,20;-17,80;24,1;86,24;-317,5;318,4;-85,7
1019416128;-0,18;-20,00;17,6;93,95;-282,5;283,0;-86,4
1022376640;-0,17;-22,51;13,2;99,54;-250,6;250,9;-87,0
1025337152;-0,18;-24,75;11,3;95,95;-227,4;227,6;-87,1
1028297664;-0,12;-27,40;5,9;150,86;-205,0;205,0;-88,3
1031258176;-0,12;-29,61;5,3;145,29;-189,0;189,1;-88,4
1034218688;-0,10;-31,95;3,7;177,28;-174,6;174,6;-88,8
1037179200;-0,07;-34,31;2,2;265,11;-161,9;161,9;-89,2
1040139712;-0,05;-36,53;1,6;326,26;-151,5;151,5;-89,4
1043100224;0,00;-33,64;0,0;?;-165,4;165,4;-90,0
1046060736;-0,06;-81,85;0,4;284,22;-57,7;57,7;-89,6
1049021248;-0,96;-90,93;5,4;18,13;-48,9;49,2;-83,7
1051981760;-0,18;-46,23;3,4;94,34;-117,0;117,1;-88,3
1054942272;-0,16;-48,82;2,7;109,80;-110,1;110,2;-88,6
1057902784;-0,18;-51,30;2,7;97,36;-104,1;104,1;-88,5
1060863296;-0,15;-53,77;2,2;112,26;-98,6;98,6;-88,7
1063823808;-0,14;-56,29;1,9;120,43;-93,4;93,5;-88,9
1066784320;-0,13;-58,67;1,6;133,86;-88,9;89,0;-89,0
1069744832;-0,12;-61,10;1,3;150,49;-84,7;84,7;-89,1
1072705344;-0,09;-63,53;1,0;189,01;-80,7;80,7;-89,3
1075665856;-0,10;-65,92;1,0;169,50;-77,1;77,1;-89,3
1078626368;-0,09;-68,31;0,8;204,17;-73,7;73,7;-89,4
1081586880;-0,07;-70,48;0,6;243,14;-70,8;70,8;-89,5
1084547392;-0,07;-72,88;0,6;242,46;-67,7;67,7;-89,5
1087507904;-0,06;-75,20;0,5;269,77;-64,9;64,9;-89,6
1090468416;-0,05;-77,34;0,4;317,80;-62,5;62,5;-89,6
1093428928;-0,06;-79,61;0,4;290,11;-60,0;60,0;-89,6
1096389440;-0,09;-81,85;0,6;184,67;-57,7;57,7;-89,4
1099349952;-0,09;-84,09;0,6;195,31;-55,4;55,4;-89,4
1102310464;-0,10;-86,15;0,6;167,57;-53,5;53,5;-89,3
1105270976;-0,14;-88,28;0,8;127,89;-51,5;51,5;-89,1
1108231488;-0,15;-90,41;0,9;112,20;-49,6;49,6;-89,0
1111192000;-0,16;-92,76;0,9;110,22;-47,6;47,7;-89,0
1114152512;-0,20;-95,09;1,1;84,97;-45,7;45,7;-88,6
1117113024;-0,22;-97,12;1,1;78,52;-44,1;44,1;-88,5
1120073536;-0,24;-99,31;1,2;73,27;-42,5;42,5;-88,4
1123034048;-0,25;-101,52;1,2;69,41;-40,8;40,8;-88,3
1125994560;-0,28;-103,81;1,3;63,00;-39,2;39,2;-88,1
1128955072;-0,32;-105,97;1,4;54,55;-37,7;37,7;-87,8
1131915584;-0,33;-108,29;1,5;52,25;-36,1;36,1;-87,7
1134876096;-0,34;-110,59;1,4;51,47;-34,6;34,6;-87,6
1137836608;-0,31;-112,93;1,3;55,97;-33,1;33,2;-87,8
1140797120;-0,31;-115,24;1,2;56,59;-31,7;31,7;-87,8
1143757632;-0,32;-117,63;1,3;54,19;-30,2;30,3;-87,6
1146718144;-0,30;-120,01;1,1;58,51;-28,9;28,9;-87,7
1149678656;-0,32;-122,28;1,2;54,94;-27,5;27,6;-87,5
1152639168;-0,30;-124,82;1,1;57,00;-26,1;26,1;-87,6
1155599680;-0,29;-127,34;1,0;60,58;-24,7;24,8;-87,6
1158560192;-0,29;-129,77;1,0;59,29;-23,4;23,5;-87,5
1161520704;-0,26;-131,91;0,9;65,86;-22,3;22,3;-87,7
1164481216;-0,26;-134,32;0,9;66,40;-21,1;21,1;-87,6
1167441728;-0,24;-136,74;0,8;71,21;-19,8;19,8;-87,7
1170402240;-0,25;-139,05;0,8;69,97;-18,7;18,7;-87,5
1173362752;-0,20;-141,48;0,7;85,01;-17,5;17,5;-87,8
1176323264;-0,19;-143,83;0,6;90,93;-16,3;16,3;-87,9
1179283776;-0,17;-146,22;0,5;100,21;-15,2;15,2;-87,9
1182244288;-0,22;-148,57;0,7;79,84;-14,1;14,1;-87,2
1185204800;-0,20;-150,66;0,6;86,42;-13,1;13,1;-87,3
1188165312;-0,23;-153,11;0,7;74,12;-12,0;12,0;-86,6
1191125824;-0,24;-155,41;0,7;72,67;-10,9;10,9;-86,2
1194086336;-0,28;-157,65;0,8;62,55;-9,9;9,9;-85,2
1197046848;-0,26;-159,93;0,8;67,60;-8,8;8,9;-85,1
1200007360;-0,26;-162,06;0,8;65,70;-7,9;7,9;-84,4
1202967872;-0,30;-164,40;0,9;57,30;-6,8;6,9;-82,6
1205928384;-0,34;-166,34;1,0;51,44;-6,0;6,1;-80,7
1208888896;-0,39;-168,59;1,1;44,94;-5,0;5,1;-77,3
1211849408;-0,45;-170,43;1,3;38,61;-4,2;4,4;-72,7
1214809920;-0,47;-172,44;1,4;36,65;-3,3;3,6;-67,5
1217770432;-0,51;-174,83;1,5;33,95;-2,3;2,7;-56,8
1220730944;-0,57;-176,81;1,6;30,51;-1,4;2,2;-40,3
1223691456;-0,59;-178,75;1,7;29,26;-0,5;1,8;-17,7
1226651968;-0,61;179,27;1,8;28,40;0,3;1,8;10,3
1229612480;-0,66;177,07;1,9;26,44;1,3;2,3;34,0
1232572992;-0,69;175,31;2,0;25,25;2,0;2,8;45,9
1235533504;-0,72;173,45;2,1;24,06;2,9;3,5;53,9
1238494016;-0,76;171,47;2,2;23,00;3,7;4,3;59,6
1241454528;-0,76;169,45;2,2;22,87;4,6;5,1;64,4
1244415040;-0,75;167,53;2,2;23,11;5,5;5,9;68,1
1247375552;-0,77;165,55;2,3;22,56;6,3;6,7;70,4
1250336064;-0,78;163,66;2,3;22,22;7,2;7,5;72,2
1253296576;-0,77;161,66;2,3;22,60;8,1;8,4;74,3
1256257088;-0,74;159,80;2,2;23,40;8,9;9,2;76,1
1259217600;-0,75;157,81;2,2;23,30;9,8;10,0;77,2
1262178112;-0,75;155,97;2,2;23,32;10,6;10,9;78,1
1265138624;-0,72;153,91;2,2;24,03;11,6;11,8;79,3
1268099136;-0,74;152,13;2,3;23,50;12,4;12,6;79,7
1271059648;-0,71;150,13;2,2;24,42;13,3;13,5;80,6
1274020160;-0,73;148,27;2,3;23,79;14,2;14,4;80,9
1276980672;-0,72;146,10;2,3;24,03;15,2;15,4;81,5
1279941184;-0,73;144,30;2,3;23,97;16,1;16,2;81,8
1282901696;-0,70;142,48;2,2;24,92;17,0;17,1;82,5
1285862208;-0,71;140,92;2,3;24,65;17,7;17,9;82,7
1288822720;-0,69;138,79;2,3;25,03;18,8;18,9;83,1
1291783232;-0,71;137,07;2,4;24,46;19,6;19,8;83,1
1294743744;-0,71;135,14;2,4;24,32;20,6;20,7;83,3
1297704256;-0,76;133,34;2,6;22,93;21,5;21,7;83,1
1300664768;-0,76;131,65;2,6;22,93;22,4;22,5;83,3
1303625280;-0,77;129,81;2,7;22,64;23,4;23,5;83,4
1306585792;-0,82;128,24;2,9;21,22;24,2;24,4;83,1
1309546304;-0,83;126,31;3,0;21,02;25,2;25,4;83,3
1312506816;-0,87;124,33;3,2;20,07;26,3;26,5;83,1
1315467328;-0,88;122,47;3,3;19,77;27,4;27,6;83,1
1318427840;-0,88;120,62;3,4;19,76;28,4;28,6;83,3
1321388352;-0,95;118,91;3,7;18,25;29,4;29,6;82,8
1324348864;-1,00;117,18;3,9;17,46;30,4;30,6;82,6
1327309376;-0,98;115,00;4,0;17,67;31,7;32,0;82,9
1330269888;-1,00;113,28;4,1;17,36;32,8;33,0;82,8
1333230400;-1,01;110,98;4,3;17,20;34,2;34,5;82,9
1336190912;-1,06;108,96;4,6;16,40;35,5;35,8;82,6
1339151424;-1,05;107,57;4,6;16,56;36,4;36,7;82,8
1342111936;-1,10;105,11;5,0;15,83;38,0;38,4;82,5
1345072448;-1,12;103,51;5,2;15,56;39,1;39,5;82,4
1348032960;-1,08;101,08;5,2;16,15;40,9;41,2;82,8
1350993472;-1,12;99,29;5,5;15,60;42,2;42,5;82,6
1353953984;-1,14;97,02;5,8;15,23;43,9;44,3;82,4
1356914496;-1,13;95,09;6,0;15,34;45,4;45,8;82,5
1359875008;-1,12;93,16;6,1;15,48;46,9;47,3;82,6
1362835520;-1,18;91,12;6,6;14,80;48,6;49,0;82,3
1365796032;-1,13;89,06;6,6;15,34;50,4;50,8;82,5
1368756544;-1,06;86,91;6,4;16,35;52,4;52,8;83,0
1371717056;-1,06;84,96;6,6;16,42;54,2;54,6;83,0
1374677568;-1,08;83,06;7,0;16,16;56,0;56,4;82,9
1377638080;-1,06;81,05;7,2;16,35;58,0;58,4;82,9
1380598592;-1,06;78,87;7,5;16,34;60,2;60,7;82,9
1383559104;-0,96;76,81;7,1;18,06;62,6;63,0;83,5
1386519616;-1,02;74,88;7,9;17,02;64,7;65,2;83,0
1389480128;-0,88;73,21;7,1;19,76;66,8;67,2;84,0
1392440640;-0,88;70,88;7,5;19,69;69,7;70,1;83,8
1395401152;-0,85;69,36;7,5;20,36;71,7;72,1;84,0
1398361664;-0,84;67,24;7,8;20,74;74,6;75,0;84,0
1401322176;-0,85;65,54;8,3;20,53;77,0;77,5;83,9
1404282688;-0,84;63,48;8,7;20,74;80,2;80,6;83,8
1407243200;-0,82;61,74;8,9;21,15;82,9;83,4;83,9
1410203712;-0,81;59,65;9,4;21,37;86,4;87,0;83,8
1413164224;-0,71;57,83;8,7;24,57;89,9;90,3;84,5
1416124736;-0,70;55,86;9,2;24,68;93,6;94,1;84,4
1419085248;-0,73;53,95;10,2;23,68;97,4;97,9;84,0
1422045760;-0,73;52,03;10,9;23,72;101,5;102,1;83,9
1425006272;-0,68;50,09;10,8;25,73;106,1;106,7;84,2
1427966784;-0,72;48,24;12,3;24,12;110,5;111,2;83,6
1430927296;-0,69;46,32;12,7;25,33;115,7;116,4;83,8
1433887808;-0,66;44,19;13,4;26,22;121,9;122,6;83,7
1436848320;-0,68;42,19;14,8;25,75;128,1;129,0;83,4
1439808832;-0,71;40,47;16,8;24,64;133,8;134,8;82,9
1442769344;-0,67;38,38;17,7;25,81;141,7;142,8;82,9
1445729856;-0,69;36,47;20,0;25,11;149,3;150,7;82,4
1448690368;-0,68;34,15;22,3;25,55;159,9;161,5;82,1
1451650880;-0,67;32,08;24,7;26,07;170,6;172,4;81,8
1454611392;-0,65;29,86;27,5;26,86;183,7;185,7;81,5
1457571904;-0,65;27,87;31,4;26,88;196,8;199,3;80,9
1460532416;-0,66;25,82;36,9;26,42;212,0;215,2;80,1
1463492928;-0,62;23,41;41,8;28,21;234,2;237,9;79,9
1466453440;-0,62;21,54;49,3;28,08;253,6;258,3;79,0
1469413952;-0,60;19,28;58,9;29,09;282,4;288,5;78,2
1472374464;-0,59;17,03;73,4;29,60;317,5;325,8;77,0
1475334976;-0,60;14,66;99,4;28,80;361,9;375,3;74,6
1478295488;-0,56;12,29;129,9;30,80;425,3;444,7;73,0
1481256000;-0,51;9,98;174,2;34,11;514,2;542,9;71,3
1484216512;-0,49;7,68;267,3;35,40;632,1;686,3;67,1
1487177024;-0,49;5,17;500,7;35,17;792,4;937,4;57,7
1490137536;-0,49;3,07;932,9;35,17;877,0;1280,5;43,2
1493098048;-0,42;0,81;1888,7;40,94;546,8;1966,3;16,1
1496058560;-0,40;-1,38;1705,3;43,49;-894,3;1925,6;-27,7
1499019072;-0,36;-3,77;684,5;48,35;-1088,4;1285,8;-57,8
1501979584;-0,31;-6,36;260,9;56,64;-817,7;858,3;-72,3
1504940096;-0,31;-8,39;157,7;55,89;-643,0;662,1;-76,2
1507900608;-0,29;-10,70;93,5;59,67;-517,4;525,8;-79,8
1510861120;-0,25;-13,10;54,2;69,88;-428,8;432,2;-82,8
1513821632;-0,25;-15,52;39,2;69,22;-362,8;364,9;-83,8
1516782144;-0,21;-17,54;25,8;83,00;-322,2;323,2;-85,4
1519742656;-0,21;-19,96;20,2;81,94;-282,7;283,4;-85,9
1522703168;-0,19;-17,48;24,1;89,34;-323,5;324,4;-85,7
1525663680;-5,14;-69,01;38,1;3,48;-56,8;68,4;-56,1
1528624192;-10,60;-92,19;41,1;1,84;-26,6;49,0;-32,9
1531584704;-0,09;-30,56;3,8;188,35;-182,9;183,0;-88,8
1534545216;-0,05;-32,96;1,8;345,46;-169,0;169,0;-89,4
1537505728;-0,01;-35,23;0,2;650,57;-157,5;157,5;-89,9
1540466240;0,00;-37,50;0,0;?;-147,3;147,3;-90,0
1543426752;0,00;-39,83;0,0;?;-138,0;138,0;-90,0
1546387264;0,00;-42,17;0,0;?;-129,7;129,7;-90,0
1549347776;0,00;-44,46;0,0;?;-122,4;122,4;-90,0
1552308288;0,00;-46,77;0,0;?;-115,6;115,6;-90,0
1555268800;0,00;-49,16;0,0;?;-109,3;109,3;-90,0
1558229312;0,00;-51,50;0,0;?;-103,7;103,7;-90,0
1561189824;0,00;-53,94;0,0;?;-98,3;98,3;-90,0
1564150336;0,00;-56,30;0,0;?;-93,4;93,4;-90,0
1567110848;0,00;-58,83;0,0;?;-88,7;88,7;-90,0
1570071360;0,00;-61,37;0,0;?;-84,3;84,3;-90,0
1573031872;0,00;-63,87;0,0;?;-80,2;80,2;-90,0
1575992384;0,00;-66,49;0,0;?;-76,3;76,3;-90,0
1578952896;0,00;-69,14;0,0;?;-72,6;72,6;-90,0
1581913408;0,00;-71,85;0,0;?;-69,0;69,0;-90,0
1584873920;0,00;-74,60;0,0;?;-65,6;65,6;-90,0
1587834432;0,00;-77,17;0,0;?;-62,7;62,7;-90,0
1590794944;0,00;-79,93;0,0;?;-59,7;59,7;-90,0
1593755456;0,00;-82,67;0,0;?;-56,8;56,8;-90,0
1596715968;0,00;-85,43;0,0;?;-54,2;54,2;-90,0
1599676480;0,00;-88,12;0,0;?;-51,7;51,7;-90,0
1602636992;0,00;-90,79;0,0;?;-49,3;49,3;-90,0
1605597504;0,00;-93,41;0,0;?;-47,1;47,1;-90,0
1608558016;0,00;-95,84;0,0;?;-45,1;45,1;-90,0
1611518528;0,00;-98,65;0,0;?;-43,0;43,0;-90,0
1614479040;0,00;-101,06;0,0;?;-41,2;41,2;-90,0
1617439552;0,00;-103,64;0,0;?;-39,3;39,3;-90,0
1620400064;0,00;-106,12;0,0;?;-37,6;37,6;-90,0
1623360576;0,00;-108,50;0,0;?;-36,0;36,0;-90,0
1626321088;0,00;-110,93;0,0;?;-34,4;34,4;-90,0
1629281600;0,00;-113,15;0,0;?;-33,0;33,0;-90,0
1632242112;0,00;-115,55;0,0;?;-31,5;31,5;-90,0
1635202624;0,00;-117,79;0,0;?;-30,2;30,2;-90,0
1638163136;0,00;-120,15;0,0;?;-28,8;28,8;-90,0
1641123648;0,00;-122,32;0,0;?;-27,5;27,5;-90,0
1644084160;0,00;-124,66;0,0;?;-26,2;26,2;-90,0
1647044672;0,00;-126,93;0,0;?;-25,0;25,0;-90,0
1650005184;0,00;-129,14;0,0;?;-23,8;23,8;-90,0
1652965696;0,00;-131,41;0,0;?;-22,6;22,6;-90,0
1655926208;0,00;-133,69;0,0;?;-21,4;21,4;-90,0
1658886720;0,00;-136,02;0,0;?;-20,2;20,2;-90,0
1661847232;0,00;-138,28;0,0;?;-19,1;19,1;-90,0
1664807744;0,00;-140,49;0,0;?;-18,0;18,0;-90,0
1667768256;0,00;-142,68;0,0;?;-16,9;16,9;-90,0
1670728768;0,00;-145,07;0,0;?;-15,7;15,7;-90,0
1673689280;0,00;-147,44;0,0;?;-14,6;14,6;-90,0
1676649792;-0,03;-149,74;0,1;509,28;-13,5;13,5;-89,6
1679610304;-0,07;-151,93;0,2;259,07;-12,5;12,5;-89,1
1682570816;-0,11;-154,05;0,3;156,76;-11,5;11,5;-88,3
1685531328;-0,14;-156,40;0,4;121,04;-10,4;10,5;-87,6
1688491840;-0,15;-158,77;0,5;113,15;-9,4;9,4;-87,2
1691452352;-0,21;-160,80;0,6;84,49;-8,5;8,5;-85,9
1694412864;-0,21;-163,10;0,6;81,57;-7,4;7,5;-85,2
1697373376;-0,23;-165,40;0,7;73,93;-6,4;6,4;-83,9
1700333888;-0,26;-167,62;0,8;66,92;-5,4;5,5;-82,1
1703294400;-0,29;-169,79;0,8;59,94;-4,5;4,5;-79,3
1706254912;-0,29;-171,76;0,8;60,65;-3,6;3,7;-77,0
1709215424;-0,31;-173,94;0,9;55,97;-2,6;2,8;-71,3
1712175936;-0,34;-176,05;1,0;50,88;-1,7;2,0;-60,3
1715136448;-0,36;-178,10;1,0;47,89;-0,8;1,3;-38,4
1718096960;-0,39;179,89;1,1;44,62;0,0;1,1;2,6
1721057472;-0,39;177,86;1,1;44,14;0,9;1,5;39,4
1724017984;-0,41;176,05;1,2;41,94;1,7;2,1;55,3
1726978496;-0,42;173,85;1,2;41,76;2,7;2,9;65,9
1729939008;-0,43;171,83;1,2;40,57;3,6;3,8;70,8
1732899520;-0,46;169,90;1,3;37,67;4,4;4,6;73,1
1735860032;-0,48;168,07;1,4;36,16;5,2;5,4;75,0
1738820544;-0,51;166,10;1,5;34,10;6,1;6,3;76,3
1741781056;-0,53;164,20;1,5;32,96;6,9;7,1;77,4
1744741568;-0,56;162,26;1,7;30,97;7,8;8,0;78,0
1747702080;-0,57;160,27;1,7;30,54;8,7;8,8;79,0
1750662592;-0,61;158,42;1,8;28,50;9,5;9,7;79,2
1753623104;-0,63;156,49;1,9;27,49;10,4;10,6;79,7
1756583616;-0,67;154,38;2,0;25,82;11,4;11,5;79,8
1759544128;-0,71;152,69;2,2;24,43;12,1;12,3;79,9
1762504640;-0,72;150,71;2,2;24,07;13,0;13,2;80,3
1765465152;-0,80;149,11;2,5;21,76;13,8;14,0;79,8
1768425664;-0,83;147,19;2,6;20,88;14,7;14,9;80,0
1771386176;-0,86;145,28;2,7;20,30;15,6;15,8;80,2
1774346688;-0,87;142,99;2,8;19,97;16,7;16,9;80,5
1777307200;-0,93;141,18;3,0;18,61;17,6;17,8;80,2
1780267712;-0,95;139,30;3,1;18,29;18,5;18,7;80,5
1783228224;-0,99;137,47;3,3;17,59;19,4;19,7;80,4
1786188736;-1,03;135,85;3,4;16,92;20,2;20,5;80,3
1789149248;-1,03;133,84;3,5;16,89;21,2;21,5;80,6
1792109760;-1,06;131,91;3,7;16,37;22,2;22,5;80,6
1795070272;-1,05;130,05;3,7;16,57;23,2;23,5;81,0
1798030784;-1,06;128,13;3,7;16,47;24,2;24,5;81,2
1800991296;-1,07;126,18;3,9;16,26;25,3;25,5;81,3
1803951808;-1,07;124,37;3,9;16,33;26,3;26,5;81,5
1806912320;-1,04;122,37;3,9;16,77;27,4;27,7;81,9
1809872832;-1,03;120,49;3,9;16,94;28,5;28,7;82,2
1812833344;-1,05;118,60;4,1;16,53;29,5;29,8;82,1
1815793856;-1,04;116,84;4,1;16,65;30,6;30,9;82,3
1818754368;-1,05;114,86;4,3;16,49;31,8;32,1;82,4
1821714880;-1,03;113,08;4,2;16,95;32,9;33,2;82,7
1824675392;-1,02;111,38;4,3;17,11;34,0;34,2;82,8
1827635904;-1,02;109,42;4,4;17,05;35,2;35,5;82,9
1830596416;-1,01;107,83;4,4;17,27;36,3;36,5;83,0
1833556928;-1,00;105,87;4,5;17,47;37,6;37,8;83,2
1836517440;-0,99;104,19;4,5;17,62;38,7;39,0;83,3
1839477952;-0,96;102,24;4,6;18,08;40,1;40,4;83,5
1842438464;-0,95;100,66;4,6;18,30;41,3;41,5;83,6
1845398976;-0,94;98,90;4,7;18,55;42,6;42,8;83,8
1848359488;-0,92;97,05;4,7;18,99;44,0;44,2;83,9
1851320000;-0,92;95,42;4,8;18,90;45,2;45,5;83,9
1854280512;-0,90;93,61;4,8;19,42;46,7;47,0;84,1
1857241024;-0,92;91,95;5,1;18,98;48,1;48,3;84,0
1860201536;-0,94;90,18;5,4;18,57;49,6;49,8;83,8
1863162048;-0,91;88,57;5,4;19,06;51,0;51,3;84,0
1866122560;-0,94;86,78;5,7;18,56;52,6;52,9;83,8
1869083072;-0,94;85,02;5,9;18,55;54,2;54,5;83,8
1872043584;-0,95;83,21;6,2;18,34;55,9;56,3;83,7
1875004096;-0,96;81,46;6,5;18,12;57,7;58,0;83,6
1877964608;-0,98;79,63;6,8;17,82;59,5;59,9;83,5
1880925120;-0,99;77,82;7,2;17,57;61,4;61,9;83,3
1883885632;-1,01;75,91;7,6;17,21;63,5;64,0;83,1
1886846144;-1,02;73,85;8,0;17,13;65,9;66,4;83,0
1889806656;-1,03;71,87;8,5;16,94;68,3;68,8;82,9
1892767168;-1,05;70,04;9,1;16,55;70,6;71,2;82,6
1895727680;-1,06;68,09;9,6;16,41;73,1;73,8;82,5
1898688192;-1,07;65,87;10,3;16,32;76,2;76,9;82,3
1901648704;-1,07;63,79;10,9;16,26;79,3;80,0;82,2
1904609216;-1,08;61,74;11,6;16,13;82,4;83,3;82,0
1907569728;-1,08;59,51;12,4;16,12;86,1;87,0;81,8
1910530240;-1,08;57,28;13,4;16,09;90,0;91,0;81,6
1913490752;-1,06;55,15;14,0;16,40;94,1;95,2;81,5
1916451264;-1,06;53,07;15,0;16,46;98,3;99,4;81,3
1919411776;-1,03;50,83;15,9;16,84;103,2;104,4;81,3
1922372288;-1,02;48,63;17,1;16,99;108,4;109,8;81,1
1925332800;-1,00;46,43;18,1;17,47;114,2;115,6;81,0
1928293312;-0,98;44,34;19,3;17,81;120,0;121,6;80,8
1931253824;-0,96;42,17;20,9;18,08;126,7;128,4;80,6
1934214336;-0,92;39,94;22,2;18,91;134,4;136,2;80,6
1937174848;-0,90;37,82;24,2;19,26;142,3;144,3;80,4
1940135360;-0,88;35,80;26,3;19,68;150,7;153,0;80,1
1943095872;-0,86;33,78;28,7;20,12;160,0;162,5;79,8
1946056384;-0,87;31,75;32,3;20,08;170,2;173,2;79,3
1949016896;-0,84;29,81;35,2;20,77;181,5;184,9;79,0
1951977408;-0,81;27,97;38,6;21,42;193,5;197,3;78,7
1954937920;-0,78;25,86;43,0;22,39;209,4;213,7;78,4
1957898432;-0,75;23,85;48,4;23,21;226,9;232,0;78,0
1960858944;-0,71;21,76;55,1;24,35;248,3;254,4;77,5
1963819456;-0,69;19,87;63,7;25,09;271,0;278,4;76,8
1966779968;-0,65;17,75;74,5;26,66;302,3;311,3;76,2
1969740480;-0,63;15,60;91,6;27,70;340,8;352,9;75,0
1972700992;-0,60;13,40;117,0;28,89;391,1;408,2;73,4
1975661504;-0,59;11,26;158,7;29,24;452,3;479,3;70,7
1978622016;-0,56;8,93;227,8;30,95;546,3;591,8;67,4
1981582528;-0,54;6,65;358,2;32,28;669,2;759,0;61,8
1984543040;-0,50;4,20;662,8;34,84;844,8;1073,8;51,9
1987503552;-0,48;1,75;1390,0;36,44;774,7;1591,3;29,1
1990464064;-0,48;-0,12;1811,3;36,28;-67,9;1812,6;-2,1
1993424576;-0,39;-3,21;873,2;44,12;-1078,2;1387,4;-51,0
1996385088;-0,37;-5,66;369,0;46,88;-852,4;928,9;-66,6
1999345600;-0,31;-8,21;165,4;55,52;-655,4;676,0;-75,8
2002306112;-0,27;-10,76;87,0;63,56;-516,4;523,7;-80,4
2005266624;-0,21;-13,26;45,1;82,22;-425,5;427,9;-83,9
2008227136;-0,18;-15,87;26,8;97,39;-356,7;357,7;-85,7
2011187648;-0,13;-18,32;14,9;132,03;-309,4;309,7;-87,2
2014148160;-0,09;-20,87;7,7;197,41;-271,3;271,4;-88,4
2017108672;-0,04;-23,49;2,6;460,99;-240,4;240,4;-89,4
2020069184;0,00;-25,91;0,0;?;-217,4;217,4;-90,0
2023029696;0,00;-28,45;0,0;?;-197,2;197,2;-90,0
2025990208;0,00;-30,94;0,0;?;-180,6;180,6;-90,0
2028950720;0,00;-33,50;0,0;?;-166,1;166,1;-90,0
2031911232;0,00;-35,94;0,0;?;-154,1;154,1;-90,0
2034871744;0,00;-38,31;0,0;?;-143,9;143,9;-90,0
2037832256;0,00;-40,77;0,0;?;-134,5;134,5;-90,0
2040792768;0,00;-43,34;0,0;?;-125,8;125,8;-90,0
2043753280;0,00;-45,83;0,0;?;-118,3;118,3;-90,0
2046713792;0,00;-48,33;0,0;?;-111,4;111,4;-90,0
2049674304;0,00;-50,77;0,0;?;-105,4;105,4;-90,0
2052634816;0,00;-53,27;0,0;?;-99,7;99,7;-90,0
2055595328;0,00;-55,89;0,0;?;-94,3;94,3;-90,0
2058555840;0,00;-58,44;0,0;?;-89,4;89,4;-90,0
2061516352;0,00;-60,85;0,0;?;-85,1;85,1;-90,0
2064476864;0,00;-63,65;0,0;?;-80,6;80,6;-90,0
2067437376;0,00;-66,36;0,0;?;-76,5;76,5;-90,0
2070397888;0,00;-68,94;0,0;?;-72,8;72,8;-90,0
2073358400;0,00;-71,67;0,0;?;-69,2;69,2;-90,0
2076318912;0,00;-74,31;0,0;?;-66,0;66,0;-90,0
2079279424;0,00;-77,24;0,0;?;-62,6;62,6;-90,0
2082239936;0,00;-80,06;0,0;?;-59,5;59,5;-90,0
2085200448;0,00;-82,76;0,0;?;-56,8;56,8;-90,0
2088160960;0,00;-85,46;0,0;?;-54,1;54,1;-90,0
2091121472;0,00;-88,24;0,0;?;-51,6;51,6;-90,0
2094081984;0,00;-90,96;0,0;?;-49,2;49,2;-90,0
2097042496;0,00;-93,92;0,0;?;-46,7;46,7;-90,0
2100003008;0,00;-96,74;0,0;?;-44,4;44,4;-90,0
2102963520;0,00;-99,52;0,0;?;-42,3;42,3;-90,0
2105924032;0,00;-102,37;0,0;?;-40,2;40,2;-90,0
2108884544;0,00;-105,16;0,0;?;-38,3;38,3;-90,0
2111845056;0,00;-107,88;0,0;?;-36,4;36,4;-90,0
2114805568;0,00;-110,39;0,0;?;-34,8;34,8;-90,0
2117766080;0,00;-113,26;0,0;?;-32,9;32,9;-90,0
2120726592;0,00;-115,94;0,0;?;-31,3;31,3;-90,0
2123687104;0,00;-118,41;0,0;?;-29,8;29,8;-90,0
2126647616;0,00;-121,02;0,0;?;-28,3;28,3;-90,0
2129608128;0,00;-123,57;0,0;?;-26,8;26,8;-90,0
2132568640;0,00;-126,05;0,0;?;-25,5;25,5;-90,0
2135529152;0,00;-128,46;0,0;?;-24,1;24,1;-90,0
2138489664;0,00;-130,81;0,0;?;-22,9;22,9;-90,0
2141450176;0,00;-133,34;0,0;?;-21,6;21,6;-90,0
2144410688;0,00;-135,62;0,0;?;-20,4;20,4;-90,0
2147371200;0,00;-137,91;0,0;?;-19,2;19,2;-90,0
2150331712;0,00;-140,11;0,0;?;-18,1;18,1;-90,0
2153292224;0,00;-142,32;0,0;?;-17,1;17,1;-90,0
2156252736;0,00;-144,49;0,0;?;-16,0;16,0;-90,0
2159213248;0,00;-146,59;0,0;?;-15,0;15,0;-90,0
2162173760;0,00;-148,69;0,0;?;-14,0;14,0;-90,0
2165134272;-0,01;-150,65;0,0;737,31;-13,1;13,1;-89,9
2168094784;-0,03;-152,80;0,1;557,59;-12,1;12,1;-89,6
2171055296;-0,04;-155,11;0,1;401,80;-11,0;11,0;-89,3
2174015808;-0,07;-157,41;0,2;250,72;-10,0;10,0;-88,8
2176976320;-0,09;-159,18;0,3;198,13;-9,2;9,2;-88,4
2179936832;-0,14;-161,22;0,4;123,26;-8,3;8,3;-87,1
2182897344;-0,17;-163,30;0,5;104,02;-7,3;7,4;-86,2
2185857856;-0,20;-165,23;0,6;88,46;-6,5;6,5;-84,9
2188818368;-0,25;-167,19;0,7;70,88;-5,6;5,7;-82,7
2191778880;-0,28;-169,29;0,8;61,58;-4,7;4,8;-80,1
2194739392;-0,33;-171,27;1,0;52,35;-3,8;3,9;-75,9
2197699904;-0,35;-173,37;1,0;49,23;-2,9;3,1;-70,6
2200660416;-0,38;-175,51;1,1;46,25;-2,0;2,2;-61,1
2203620928;-0,41;-177,57;1,2;42,03;-1,1;1,6;-41,7
2206581440;-0,45;-179,66;1,3;38,81;-0,1;1,3;-6,6
2209541952;-0,46;178,48;1,3;37,54;0,7;1,5;26,4
2212502464;-0,51;176,36;1,5;34,06;1,6;2,2;47,2
2215462976;-0,52;174,50;1,5;33,16;2,4;2,8;57,8
2218423488;-0,56;172,41;1,6;31,09;3,3;3,7;64,0
2221384000;-0,58;170,41;1,7;30,11;4,2;4,5;68,2
2224344512;-0,58;168,40;1,7;29,80;5,1;5,3;71,5
2227305024;-0,61;166,39;1,8;28,58;6,0;6,2;73,4
2230265536;-0,60;164,58;1,8;28,73;6,8;7,0;75,3
2233226048;-0,64;162,64;1,9;27,34;7,6;7,9;76,2
2236186560;-0,65;160,88;1,9;26,78;8,4;8,6;77,1
2239147072;-0,67;159,03;2,0;26,06;9,2;9,4;77,9
2242107584;-0,67;157,25;2,0;25,81;10,0;10,2;78,7
2245068096;-0,68;155,34;2,0;25,64;10,9;11,1;79,4
2248028608;-0,68;153,50;2,1;25,45;11,8;11,9;80,0
2250989120;-0,69;151,75;2,1;25,30;12,6;12,7;80,5
2253949632;-0,72;150,13;2,2;24,23;13,3;13,5;80,6
2256910144;-0,73;148,26;2,3;23,88;14,2;14,4;80,9
2259870656;-0,73;146,45;2,3;23,77;15,0;15,2;81,3
2262831168;-0,76;144,77;2,4;23,02;15,8;16,0;81,4
2265791680;-0,79;143,20;2,5;22,02;16,6;16,8;81,4
2268752192;-0,81;141,62;2,6;21,35;17,4;17,6;81,4
2271712704;-0,83;139,97;2,7;20,89;18,2;18,4;81,5
2274673216;-0,86;138,22;2,8;20,20;19,0;19,2;81,5
2277633728;-0,87;136,58;2,9;19,92;19,9;20,1;81,7
2280594240;-0,91;134,93;3,1;19,07;20,7;20,9;81,6
2283554752;-0,93;133,19;3,2;18,72;21,6;21,8;81,6
2286515264;-0,97;131,55;3,4;17,93;22,4;22,7;81,5
2289475776;-1,01;129,86;3,5;17,24;23,3;23,6;81,4
2292436288;-1,04;127,99;3,7;16,74;24,3;24,6;81,4
2295396800;-1,07;126,29;3,9;16,22;25,2;25,5;81,3
2298357312;-1,10;124,52;4,0;15,82;26,2;26,5;81,2
2301317824;-1,11;122,81;4,2;15,60;27,1;27,4;81,3
2304278336;-1,15;120,85;4,4;15,17;28,2;28,5;81,2
2307238848;-1,17;119,07;4,5;14,87;29,2;29,6;81,2
2310199360;-1,19;117,23;4,7;14,56;30,3;30,7;81,2
2313159872;-1,20;115,34;4,8;14,44;31,4;31,8;81,2
2316120384;-1,23;113,51;5,0;14,18;32,5;32,9;81,2
2319080896;-1,24;111,59;5,2;14,03;33,7;34,1;81,2
2322041408;-1,24;109,71;5,3;14,01;34,9;35,3;81,3
2325001920;-1,26;107,93;5,5;13,86;36,1;36,5;81,3
2327962432;-1,27;106,16;5,7;13,71;37,3;37,7;81,3
2330922944;-1,24;104,26;5,7;14,01;38,6;39,0;81,6
2333883456;-1,24;102,44;5,8;14,08;39,8;40,3;81,7
2336843968;-1,21;100,63;5,8;14,43;41,2;41,6;81,9
2339804480;-1,21;98,78;6,0;14,38;42,5;42,9;81,9
2342764992;-1,22;96,94;6,2;14,31;43,9;44,3;81,9
2345725504;-1,20;95,21;6,3;14,45;45,2;45,7;82,1
2348686016;-1,19;93,48;6,4;14,68;46,6;47,1;82,2
2351646528;-1,20;91,65;6,7;14,52;48,1;48,6;82,1
2354607040;-1,17;89,83;6,7;14,81;49,7;50,2;82,3
2357567552;-1,19;88,21;7,0;14,67;51,1;51,6;82,2
2360528064;-1,18;86,41;7,2;14,76;52,7;53,2;82,2
2363488576;-1,16;84,78;7,3;14,99;54,2;54,7;82,3
2366449088;-1,15;82,97;7,5;15,08;56,0;56,5;82,4
2369409600;-1,17;81,18;7,9;14,85;57,7;58,3;82,2
2372370112;-1,19;79,39;8,3;14,59;59,6;60,1;82,0
2375330624;-1,19;77,51;8,6;14,68;61,6;62,2;82,0
2378291136;-1,19;75,60;9,1;14,59;63,7;64,3;81,9
2381251648;-1,22;73,70;9,6;14,31;65,8;66,5;81,7
2384212160;-1,22;71,73;10,1;14,27;68,2;68,9;81,6
2387172672;-1,21;69,72;10,5;14,37;70,7;71,5;81,5
2390133184;-1,24;67,71;11,4;14,02;73,3;74,2;81,2
2393093696;-1,24;65,79;11,9;14,05;76,0;76,9;81,1
2396054208;-1,27;63,74;12,9;13,71;78,9;80,0;80,7
2399014720;-1,25;61,63;13,5;13,96;82,2;83,3;80,7
2401975232;-1,28;59,51;14,7;13,59;85,6;86,8;80,3
2404935744;-1,29;57,45;15,8;13,48;89,1;90,5;80,0
2407896256;-1,25;55,10;16,5;13,89;93,6;95,0;80,0
2410856768;-1,22;53,00;17,2;14,32;97,9;99,4;80,0
2413817280;-1,22;50,67;18,8;14,23;102,8;104,5;79,6
2416777792;-1,15;48,56;19,1;15,14;108,1;109,7;80,0
2419738304;-1,15;46,56;20,7;15,14;113,1;114,9;79,6
2422698816;-1,12;44,18;22,3;15,48;119,6;121,7;79,5
2425659328;-1,08;42,00;23,6;16,07;126,4;128,6;79,4
2428619840;-1,07;39,73;25,8;16,28;134,0;136,5;79,1
2431580352;-1,00;37,40;27,3;17,34;143,1;145,7;79,2
2434540864;-1,01;35,13;30,8;17,24;152,3;155,4;78,6
2437501376;-0,97;33,01;33,4;17,93;162,5;165,8;78,4
2440461888;-0,92;30,76;36,1;18,97;174,8;178,5;78,3
2443422400;-0,88;28,47;40,2;19,77;189,1;193,3;78,0
2446382912;-0,84;26,36;44,8;20,60;204,2;209,1;77,6
2449343424;-0,81;24,17;50,6;21,54;222,5;228,2;77,2
2452303936;-0,75;21,83;57,1;23,26;246,5;253,0;77,0
2455264448;-0,74;19,44;70,4;23,45;274,3;283,2;75,6
2458224960;-0,70;17,10;85,4;24,70;309,6;321,1;74,6
2461185472;-0,66;14,75;106,4;26,26;355,1;370,7;73,3
2464145984;-0,65;12,31;145,2;26,76;413,4;438,1;70,7
2467106496;-0,60;10,11;193,1;28,93;489,7;526,4;68,5
2470067008;-0,58;7,54;307,9;29,83;602,0;676,2;62,9
2473027520;-0,59;5,21;529,1;29,22;701,1;878,3;53,0
2475988032;-0,51;2,77;1012,7;33,82;828,2;1308,2;39,3
2478948544;-0,50;0,23;1740,5;34,98;122,9;1744,8;4,0
2481909056;-0,49;-2,13;1233,9;35,40;-812,8;1477,5;-33,4
2484869568;-0,46;-4,74;548,0;37,87;-857,6;1017,8;-57,4
2487830080;-0,42;-7,20;266,2;41,59;-693,1;742,5;-69,0
2490790592;-0,39;-9,69;147,5;44,37;-550,5;569,9;-75,0
2493751104;-0,37;-12,51;86,3;47,02;-439,4;447,8;-78,9
2496711616;-0,37;-15,23;59,0;47,03;-364,5;369,3;-80,8
2499672128;-0,35;-17,97;40,1;50,30;-311,2;313,7;-82,7
2502632640;-0,29;-20,62;25,5;60,78;-272,6;273,8;-84,7
2505593152;-0,27;-23,24;19,3;63,58;-241,7;242,5;-85,4
2508553664;-0,19;-26,15;10,5;92,68;-214,8;215,1;-87,2
2511514176;-0,17;-28,93;7,7;103,85;-193,6;193,7;-87,7
2514474688;-0,17;-31,73;6,7;100,28;-175,7;175,8;-87,8
2517435200;-0,13;-34,59;4,3;130,90;-160,5;160,5;-88,5
2520395712;-0,08;-37,29;2,1;229,89;-148,2;148,2;-89,2
2523356224;-0,06;-40,22;1,5;273,89;-136,5;136,6;-89,4
2526316736;-0,00;-43,01;0,1;025,64;-126,9;126,9;-90,0
2529277248;0,00;-45,97;0,0;?;-117,9;117,9;-90,0
2532237760;0,00;-48,65;0,0;?;-110,6;110,6;-90,0
2535198272;0,00;-51,33;0,0;?;-104,1;104,1;-90,0
2538158784;0,00;-53,88;0,0;?;-98,4;98,4;-90,0
2541119296;0,00;-56,70;0,0;?;-92,7;92,7;-90,0
2544079808;0,00;-59,58;0,0;?;-87,3;87,3;-90,0
2547040320;0,00;-62,15;0,0;?;-83,0;83,0;-90,0
2550000832;0,00;-64,98;0,0;?;-78,5;78,5;-90,0
2552961344;0,00;-67,63;0,0;?;-74,6;74,6;-90,0
2555921856;0,00;-70,03;0,0;?;-71,4;71,4;-90,0
2558882368;0,00;-72,87;0,0;?;-67,7;67,7;-90,0
2561842880;0,00;-75,26;0,0;?;-64,9;64,9;-90,0
2564803392;0,00;-77,96;0,0;?;-61,8;61,8;-90,0
2567763904;0,00;-80,59;0,0;?;-59,0;59,0;-90,0
2570724416;0,00;-83,21;0,0;?;-56,3;56,3;-90,0
2573684928;0,00;-85,88;0,0;?;-53,7;53,7;-90,0
2576645440;0,00;-88,23;0,0;?;-51,6;51,6;-90,0
2579605952;0,00;-90,51;0,0;?;-49,6;49,6;-90,0
2582566464;0,00;-93,07;0,0;?;-47,4;47,4;-90,0
2585526976;0,00;-95,60;0,0;?;-45,3;45,3;-90,0
2588487488;0,00;-98,16;0,0;?;-43,3;43,3;-90,0
2591448000;0,00;-100,40;0,0;?;-41,7;41,7;-90,0
2594408512;0,00;-102,82;0,0;?;-39,9;39,9;-90,0
2597369024;0,00;-105,55;0,0;?;-38,0;38,0;-90,0
2600329536;0,00;-107,65;0,0;?;-36,6;36,6;-90,0
2603290048;0,00;-110,28;0,0;?;-34,8;34,8;-90,0
2606250560;0,00;-112,79;0,0;?;-33,2;33,2;-90,0
2609211072;0,00;-115,52;0,0;?;-31,5;31,5;-90,0
2612171584;0,00;-117,80;0,0;?;-30,2;30,2;-90,0
2615132096;0,00;-120,09;0,0;?;-28,8;28,8;-90,0
2618092608;0,00;-122,74;0,0;?;-27,3;27,3;-90,0
2621053120;0,00;-125,23;0,0;?;-25,9;25,9;-90,0
2624013632;0,00;-127,27;0,0;?;-24,8;24,8;-90,0
2626974144;0,00;-129,98;0,0;?;-23,3;23,3;-90,0
2629934656;0,00;-132,33;0,0;?;-22,1;22,1;-90,0
2632895168;0,00;-135,01;0,0;?;-20,7;20,7;-90,0
2635855680;0,00;-137,42;0,0;?;-19,5;19,5;-90,0
2638816192;-0,00;-139,91;0,0;052,57;-18,2;18,2;-90,0
2641776704;-0,02;-142,34;0,1;810,13;-17,1;17,1;-89,8
2644737216;-0,06;-144,64;0,2;312,45;-15,9;15,9;-89,4
2647697728;-0,08;-146,93;0,2;220,63;-14,8;14,8;-89,0
2650658240;-0,07;-149,28;0,2;242,12;-13,7;13,7;-89,1
2653618752;-0,08;-151,42;0,2;224,06;-12,7;12,7;-88,9
2656579264;-0,11;-153,59;0,3;159,84;-11,7;11,7;-88,4
2659539776;-0,15;-155,93;0,4;116,62;-10,7;10,7;-87,6
2662500288;-0,13;-157,99;0,4;134,17;-9,7;9,7;-87,7
2665460800;-0,12;-160,14;0,4;142,19;-8,8;8,8;-87,6
2668421312;-0,17;-162,11;0,5;102,00;-7,9;7,9;-86,3
2671381824;-0,19;-164,24;0,6;89,19;-6,9;6,9;-85,3
2674342336;-0,19;-166,18;0,6;89,88;-6,1;6,1;-84,7
2677302848;-0,22;-168,23;0,6;80,53;-5,2;5,2;-83,1
2680263360;-0,23;-170,29;0,7;74,03;-4,2;4,3;-80,9
2683223872;-0,25;-172,19;0,7;69,30;-3,4;3,5;-78,0
2686184384;-0,29;-174,14;0,8;60,81;-2,6;2,7;-72,2
2689144896;-0,32;-176,07;0,9;54,11;-1,7;1,9;-61,7
2692105408;-0,35;-177,93;1,0;50,27;-0,9;1,3;-42,3
2695065920;-0,37;-179,80;1,1;46,82;-0,1;1,1;-4,7
2698026432;-0,43;178,34;1,2;40,27;0,7;1,4;30,3
2700986944;-0,44;176,44;1,3;39,71;1,6;2,0;51,0
2703947456;-0,47;174,52;1,4;36,91;2,4;2,8;60,4
2706907968;-0,52;172,72;1,5;33,70;3,2;3,5;64,9
2709868480;-0,53;170,86;1,5;32,54;4,0;4,3;68,8
2712828992;-0,58;169,01;1,7;29,81;4,8;5,1;70,6
2715789504;-0,62;167,06;1,8;28,02;5,7;5,9;72,3
2718750016;-0,66;165,22;1,9;26,50;6,5;6,8;73,5
2721710528;-0,67;163,32;2,0;25,76;7,3;7,6;74,8
2724671040;-0,71;161,46;2,1;24,44;8,1;8,4;75,5
2727631552;-0,71;159,50;2,1;24,38;9,0;9,3;76,8
2730592064;-0,74;157,68;2,2;23,47;9,8;10,1;77,3
2733552576;-0,75;155,92;2,3;23,11;10,6;10,9;78,0
2736513088;-0,76;154,09;2,3;22,80;11,5;11,7;78,6
2739473600;-0,77;152,30;2,4;22,50;12,3;12,5;79,2
2742434112;-0,80;150,53;2,5;21,79;13,1;13,3;79,4
2745394624;-0,81;148,81;2,5;21,53;13,9;14,1;79,8
2748355136;-0,80;147,18;2,5;21,70;14,7;14,9;80,3
2751315648;-0,84;145,35;2,6;20,82;15,6;15,8;80,4
2754276160;-0,84;143,66;2,7;20,74;16,4;16,6;80,7
2757236672;-0,85;142,01;2,7;20,37;17,2;17,4;80,9
2760197184;-0,88;140,28;2,8;19,84;18,0;18,2;81,0
2763157696;-0,88;138,68;2,9;19,77;18,8;19,0;81,3
2766118208;-0,90;137,01;3,0;19,34;19,6;19,9;81,4
2769078720;-0,91;135,53;3,0;19,14;20,4;20,6;81,5
2772039232;-0,93;133,95;3,2;18,72;21,2;21,4;81,5
2774999744;-0,94;132,25;3,2;18,52;22,1;22,3;81,7
2777960256;-0,97;130,80;3,4;17,89;22,8;23,1;81,6
2780920768;-1,00;129,15;3,5;17,32;23,7;23,9;81,5
2783881280;-1,05;127,28;3,7;16,61;24,7;24,9;81,4
2786841792;-1,07;125,82;3,9;16,24;25,5;25,7;81,3
2789802304;-1,11;124,04;4,1;15,66;26,4;26,7;81,2
2792762816;-1,16;122,52;4,3;15,01;27,3;27,6;81,0
2795723328;-1,23;121,08;4,7;14,16;28,1;28,4;80,6
2798683840;-1,23;119,42;4,7;14,19;29,0;29,4;80,8
2801644352;-1,25;117,47;4,9;13,87;30,1;30,5;80,7
2804604864;-1,30;115,66;5,2;13,40;31,2;31,6;80,5
2807565376;-1,36;113,77;5,5;12,83;32,3;32,8;80,3
2810525888;-1,33;112,04;5,5;13,11;33,4;33,9;80,6
2813486400;-1,40;110,14;6,0;12,45;34,6;35,1;80,2
2816446912;-1,43;108,20;6,3;12,14;35,8;36,4;80,1
2819407424;-1,42;106,56;6,3;12,22;36,9;37,4;80,2
2822367936;-1,43;104,55;6,5;12,18;38,3;38,8;80,3
2825328448;-1,48;102,78;6,9;11,80;39,5;40,1;80,1
2828288960;-1,54;100,64;7,4;11,34;40,9;41,6;79,7
2831249472;-1,53;98,91;7,5;11,42;42,2;42,9;79,9
2834209984;-1,55;96,88;7,9;11,23;43,7;44,4;79,8
2837170496;-1,54;94,86;8,1;11,31;45,3;46,0;79,9
2840131008;-1,55;92,94;8,4;11,22;46,8;47,5;79,8
2843091520;-1,54;91,06;8,6;11,35;48,3;49,1;79,9
2846052032;-1,55;88,92;9,0;11,25;50,1;50,9;79,8
2849012544;-1,52;86,88;9,1;11,47;52,0;52,8;80,0
2851973056;-1,52;84,68;9,5;11,47;54,0;54,8;80,0
2854933568;-1,50;82,89;9,7;11,63;55,7;56,5;80,1
2857894080;-1,49;80,86;10,0;11,72;57,7;58,5;80,1
2860854592;-1,44;78,98;10,1;12,07;59,7;60,5;80,4
2863815104;-1,42;76,86;10,4;12,28;61,9;62,8;80,4
2866775616;-1,35;74,94;10,4;12,92;64,2;65,0;80,8
2869736128;-1,33;73,22;10,6;13,08;66,2;67,1;80,9
2872696640;-1,35;71,16;11,3;12,93;68,7;69,6;80,7
2875657152;-1,32;69,38;11,6;13,15;71,0;71,9;80,7
2878617664;-1,29;67,43;11,9;13,46;73,6;74,6;80,8
2881578176;-1,29;65,35;12,5;13,54;76,5;77,5;80,7
2884538688;-1,25;63,04;13,0;13,88;80,0;81,1;80,8
2887499200;-1,18;61,24;12,9;14,72;83,0;84,0;81,2
2890459712;-1,22;59,66;13,9;14,28;85,5;86,6;80,7
2893420224;-1,18;57,60;14,4;14,71;89,2;90,3;80,8
2896380736;-1,17;55,65;15,2;14,87;92,8;94,0;80,7
2899341248;-1,14;53,49;16,0;15,21;97,1;98,4;80,7
2902301760;-1,15;51,55;17,1;15,17;101,2;102,6;80,4
2905262272;-1,17;49,70;18,6;14,91;105,3;106,9;80,0
2908222784;-1,16;47,55;20,1;14,94;110,4;112,3;79,7
2911183296;-1,13;45,17;21,4;15,44;116,9;118,8;79,6
2914143808;-1,10;42,99;22,9;15,82;123,3;125,4;79,5
2917104320;-1,07;40,88;24,5;16,32;130,1;132,4;79,4
2920064832;-1,09;38,95;27,3;16,01;136,6;139,3;78,7
2923025344;-1,05;36,54;29,8;16,52;146,0;149,0;78,5
2925985856;-1,05;34,18;33,5;16,64;156,1;159,6;77,9
2928946368;-1,07;32,00;38,6;16,31;166,1;170,5;76,9
2931906880;-1,02;29,56;42,8;17,09;180,0;185,0;76,6
2934867392;-0,98;27,16;48,3;17,81;195,8;201,7;76,1
2937827904;-0,97;24,89;56,6;17,86;212,2;219,6;75,1
2940788416;-0,96;22,43;67,5;18,19;233,4;243,0;73,9
2943748928;-0,96;16,55;116,3;18,15;299,8;321,6;68,8
2946709440;-0,89;17,39;100,6;19,56;293,3;310,1;71,1
2949669952;-0,85;14,80;128,7;20,52;336,6;360,4;69,1
2952630464;-0,79;12,12;172,7;21,96;397,1;433,0;66,5
2955590976;-0,76;9,43;253,0;22,78;471,4;535,0;61,8
2958551488;-0,75;7,47;353,8;23,21;532,5;639,4;56,4
2961512000;-0,70;4,81;595,3;24,94;621,9;860,9;46,2
2964472512;-0,67;2,30;1024,4;26,08;534,7;1155,5;27,6
2967433024;-0,64;-0,46;1333,3;26,98;-143,9;1341,0;-6,2
2970393536;-0,56;-3,03;926,8;30,95;-757,9;1197,2;-39,3
2973354048;-0,52;-5,38;483,0;33,50;-757,7;898,5;-57,5
2976314560;-0,48;-8,44;224,4;36,09;-593,6;634,6;-69,3
2979275072;-0,41;-10,86;122,9;42,90;-496,1;511,1;-76,1
2982235584;-0,33;-13,18;69,2;53,45;-421,7;427,4;-80,7
2985196096;-0,26;-15,96;38,9;65,91;-352,4;354,6;-83,7
2988156608;-0,23;-18,56;25,7;74,44;-303,9;305,0;-85,2
2991117120;-0,22;-21,49;18,3;78,50;-262,3;263,0;-86,0
2994077632;-0,20;-24,22;13,0;87,27;-232,4;232,7;-86,8
2997038144;-0,13;-26,46;7,4;128,89;-212,4;212,5;-88,0
2999998656;-0,12;-29,26;5,6;141,08;-191,4;191,5;-88,3
